id,temp,rate
m2,18,1.178698668
m3,18,2.104819052
m9,18,1.26289143
m10,18,0.42096381
m11,18,0.252578286
m12,18,0.84192762
m2,22,1.431276954
m3,22,0.84192762
m9,22,0.505156572
m10,22,0.673542096
m11,22,0.84192762
m12,22,0.505156572
m2,26,1.094505906
m3,26,0.168385524
m9,26,0.757734858
m10,26,0.505156572
m11,26,0.757734858
m12,26,0.505156572
