id,group,q10
m2,data,0.911526178
m3,data,0.042546367
m9,data,0.528067042
m10,data,1.255962167
m11,data,3.948222039
m12,data,0.528067042
