id,q10,null
S28,1.850758595,1
S25,0.041847746,1
S18,0.293453359,1
S16,0.824738964,1
S15,0.479633345,1
S11,3.948222039,1
